cliente,categoria,monto_total
067111,CAMP,96857
067111,INDU,17550
067111,OPTI,41425
067111,PESC,51705
067111,PESP,137145
067111,PESR,58020
067111,TIRO,2350
067126,CAMP,56206
067126,INDP,6518
067126,INDU,2541
067126,OPTI,17320
067126,PESC,10193
067126,PESP,11089
067126,PESR,5324
067146,CAMP,27120
067146,INDU,13973
067146,OPTI,12902
067152,CAMP,3383
067152,CUCH,990
067152,INDP,36386
067152,OPTI,2445
067152,PESP,23240
067152,PESR,2365
067152,TIRO,418
067171,INDP,7840
067171,PESP,17569
067172,CAMP,13974
067172,CUCH,1840
067172,INDU,3840
067172,INST,1105
067172,OPTI,29609
067207,CAMP,18000
067210,PESP,134948
067212,CAMP,4494
067212,OPTI,6268
067218,CAMP,43943
067218,INDP,12562
067218,INDU,2368
067218,OPTI,3648
067218,PESC,14993
067218,PESP,18480
067218,PESR,6201
067218,TIRO,576
067228,PESC,8264
067228,PESR,6892
067235,INDU,400
067235,OPTI,600
067235,PESP,490
067235,PESR,1073
067236,INST,429
067236,OPTI,71289
067244,CAMP,2024
067244,INDU,12065
067258,CAMP,146807
067258,CUCH,1404
067258,INDP,18443
067258,INDU,6794
067258,OPTI,11139
067258,PESC,2565
067258,PESP,8339
067258,PESR,3176
067258,TIRO,26742
067261,CAMP,739502
067261,INDP,39580
067261,INDU,28848
067261,OPTI,23750
067261,PESC,25869
067261,PESP,10355
067261,PESR,18460
067261,TIRO,2534
067265,PESC,9072
067265,PESP,6240
067265,PESR,5016
067269,CAMP,20900
067269,OPTI,3721
067269,PESC,1188
067269,PESP,10780
067269,TIRO,3514
067274,CAMP,744
067274,PESC,14041
067274,PESP,5591
067274,PESR,10795
067274,TIRO,666
067275,CAMP,264180
067275,CUCH,8163
067275,INDP,189529
067275,INDU,48618
067275,INST,1771
067275,OPTI,134030
067275,PESC,283379
067275,PESP,67957
067275,PESR,150190
067278,OPTI,44980
067285,CAMP,58348
067286,CAMP,22916
067286,TIRO,10650
067297,OPTI,6572
067297,PESC,9290
067297,PESP,708
067297,PESR,12420
067313,CAMP,6158
067313,INST,250
067313,OPTI,15210
067313,PESC,1239
067313,PESP,6816
067314,CAMP,1786
067314,CUCH,2528
067314,INDP,9065
067314,OPTI,1040
067314,PESC,7545
067314,PESP,24313
067314,PESR,9072
067318,CAMP,22200
067318,CUCH,332
067318,INDP,1401
067318,INDU,2016
067318,PESC,3140
067318,PESP,2060
067318,PESR,1416
067327,INDP,54584
067339,CAMP,3386
067339,OPTI,12901
067339,TIRO,1198
067340,CAMP,110948
067340,INDP,960
067340,INDU,792
067340,TIRO,3225
067344,CAMP,576953
067344,OPTI,598113
067348,CAMP,3865
067348,INDU,436
067348,PESC,3980
067348,PESP,29938
067348,PESR,7589
067353,CAMP,35304
067353,INDP,576
067353,OPTI,2067
067353,PESC,754
067353,PESP,17456
067353,PESR,7210
067362,CAMP,3379
067362,PESP,1250
067362,PESR,4371
067372,CAMP,19674
067372,INDU,5832
067372,OPTI,12577
067372,PESP,4826
067372,PESR,2734
067373,CAMP,45156
067373,OPTI,12903
067373,TIRO,732
067374,CAMP,284
067374,OPTI,9087
067379,CAMP,55151
067379,CUCH,4709
067379,INDP,3315
067379,INDU,16185
067379,OPTI,1161
067379,PESC,148426
067379,PESP,69514
067379,PESR,70931
067379,TIRO,3150
067383,CAMP,1606
067383,OPTI,13099
067385,CAMP,3458
067385,OPTI,14148
067398,CAMP,1814
067398,OPTI,9096
067401,CAMP,51794
067401,INDU,14142
067401,PESC,64380
067401,PESP,54392
067401,PESR,55674
067408,CAMP,6041
067408,PESC,15034
067408,PESP,3548
067408,PESR,8697
067410,CAMP,1932
067410,OPTI,9444
067416,PESC,2289
067416,PESP,65458
067416,PESR,5933
067420,CAMP,1260
067420,OPTI,2472
067422,OPTI,229878
067423,CAMP,13917
067458,CAMP,149056
067458,INDP,5840
067458,INDU,20550
067461,INDU,7200
067465,CAMP,408
067465,INST,627
067465,OPTI,22007
067473,CAMP,1496
067473,INDU,2376
067473,PESP,966
067477,CAMP,11157
067477,INDU,9324
067478,CAMP,7455
067478,INDP,1839
067478,INDU,940
067478,PESP,3493
067485,CAMP,4054
067485,INDU,1750
067485,INST,1939
067485,OPTI,4598
067487,CAMP,148634
067487,INDU,15943
067487,OPTI,3160
067489,CAMP,8671
067489,CUCH,2092
067489,INDU,4316
067489,PESP,23806
067494,CAMP,5400
067494,INDU,2148
067494,PESP,145
067501,CAMP,7189
067501,INDU,1134
067502,CAMP,14480
067502,INDU,3900
067502,PESP,3600
067503,CAMP,1402
067503,INDP,8593
067503,PESC,3864
067503,PESP,1773
067503,PESR,1570
067510,CAMP,3462
067510,PESC,7505
067510,PESP,16133
067510,PESR,10054
067516,CAMP,15936
067516,INDP,13128
067516,OPTI,34335
067516,PESC,209421
067516,PESP,208663
067516,PESR,75531
067524,CAMP,1633
067524,INDU,2998
067524,PESP,3714
067530,INDU,1260
067543,CAMP,28222
067543,INDU,4773
067543,INST,1390
067543,OPTI,9072
067549,CAMP,20187
067549,TIRO,1332
067559,CAMP,42258
067563,CAMP,1552
067563,OPTI,8553
067564,OPTI,52192
067573,CAMP,115562
067573,INDP,3226
067573,INDU,30000
067573,INST,52
067573,PESC,25464
067573,PESP,82760
067573,PESR,4830
067573,TIRO,1413
067587,CAMP,18022
067601,CAMP,4602
067601,INDP,13524
067601,INST,505
067601,PESP,14940
067603,CAMP,98729
067603,INDU,5748
067603,PESP,57636
067603,TIRO,18025
067612,CAMP,181930
067612,INDU,4251
067612,PESC,7935
067612,PESP,17700
067612,PESR,5531
067612,TIRO,2070
067626,CAMP,1316
067626,INST,507
067626,OPTI,2413
067626,PESP,280
067632,CAMP,2698
067639,CAMP,18516
067639,CUCH,624
067639,OPTI,5168
067639,PESP,1968
067639,TIRO,8720
067640,CAMP,166659
067640,INDP,1920
067642,CAMP,4594
067642,CUCH,1178
067642,INDP,5339
067642,OPTI,12250
067642,PESC,1526
067642,PESP,5017
067642,PESR,1892
067644,PESC,2392
067644,PESP,3589
067644,PESR,1686
067646,CAMP,22674
067646,INDU,78453
067648,OPTI,43909
067653,CAMP,7310
067654,CAMP,871
067654,INDP,574
067654,INDU,4471
067654,OPTI,823
067654,PESC,2018
067654,PESP,11687
067654,PESR,5996
067656,CAMP,50997
067656,INDP,15264
067656,OPTI,2262
067656,PESP,55294
067656,PESR,9904
067666,OPTI,25712
067671,CAMP,26970
067671,INDU,847
067671,OPTI,19236
067671,PESP,346
067681,INDU,3075
067681,PESP,15713
067681,PESR,6101
067684,CAMP,60876
067690,INDU,178
067690,PESP,38062
067690,PESR,3380
067714,CAMP,2598
067714,TIRO,2484
067717,PESP,16774
067724,CAMP,5790
067724,INDU,10852
067724,OPTI,5824
067731,CAMP,12370
067731,PESC,16045
067731,PESP,6288
067731,PESR,11246
067743,CAMP,53705
067743,CUCH,1640
067743,INDP,958
067743,INDU,2822
067743,INST,1360
067743,OPTI,24003
067743,PESC,1130
067743,PESP,1516
067743,PESR,2352
067755,CAMP,37738
067755,CUCH,2396
067755,INDU,2334
067755,PESC,2004
067755,PESP,25812
067755,PESR,7598
067757,CAMP,4635
067757,INDU,4729
067757,PESC,4936
067757,PESP,8820
067757,PESR,1358
067757,TIRO,1281
067772,CAMP,116399
067772,INDP,42366
067772,INDU,27072
067772,OPTI,64914
067772,PESC,16011
067772,PESP,152835
067772,PESR,30822
067772,TIRO,1548
067783,CAMP,3930
067783,INDU,1128
067783,PESC,3081
067783,PESP,1322
067783,PESR,1813
067785,CAMP,36887
067785,INDP,1396
067785,INDU,8361
067785,PESC,11518
067785,PESP,32635
067785,PESR,10888
067785,TIRO,1158
067787,PESP,980
067787,PESR,5572
067791,INDP,882
067791,PESC,1544
067791,PESR,294
067801,CAMP,14052
067801,INDP,5545
067801,INDU,4604
067801,TIRO,3508
067804,CAMP,15490
067804,INDU,847
067804,OPTI,5766
067804,PESP,3060
067816,CAMP,865
067816,INST,499
067816,OPTI,5382
067821,CAMP,15670
067821,CUCH,710
067821,INDP,988
067821,OPTI,13615
067821,PESC,2803
067821,PESR,1236
067821,TIRO,888
067842,CAMP,4485
067842,INDU,2741
067842,OPTI,5131
067842,PESC,1592
067842,PESP,1432
067842,PESR,681
067842,TIRO,1473
067846,CAMP,9488
067846,PESC,7152
067846,PESP,15049
067846,PESR,4357
067849,CAMP,900
067849,INDU,1504
067849,OPTI,33802
067849,PESC,45350
067849,PESP,40989
067849,PESR,75765
067862,PESP,1005
067864,CAMP,1498
067864,OPTI,28062
067864,PESP,4776
067874,OPTI,16018
067884,CAMP,57709
067884,PESC,27356
067884,PESR,14272
067889,OPTI,8126
067900,CAMP,5764
067900,INDU,5544
067900,PESC,4356
067900,PESP,50367
067904,CAMP,4282
067922,CAMP,2614
067922,PESP,9048
067928,CAMP,11524
067928,INDU,28152
067934,CAMP,211273
067944,CAMP,53275
067944,INDP,1920
067944,INDU,19341
067944,OPTI,7174
067944,PESP,4421
067944,TIRO,2225
067945,CAMP,2676
067945,INDP,545
067945,INDU,7696
067945,PESC,11994
067945,PESP,23189
067945,PESR,21201
067945,TIRO,1444
067949,INDU,24198
067952,CAMP,6721
067952,PESC,9207
067952,PESP,214
067952,PESR,8449
067965,CAMP,130485
067965,CUCH,1548
067965,INDP,4528
067965,INDU,10548
067965,INST,14662
067965,OPTI,276182
067965,PESC,36010
067965,PESP,2760
067965,PESR,32104
067965,TIRO,45356
067995,OPTI,150916
068010,CAMP,1298
068010,PESC,974
068010,PESP,9856
068010,TIRO,384
068018,OPTI,10295
068032,CAMP,60841
068032,CUCH,3826
068032,OPTI,7670
068032,PESC,12836
068032,PESR,12070
068032,TIRO,2070
068054,CAMP,5874
068054,OPTI,13329
068067,CAMP,13360
068067,PESC,5208
068067,PESP,6385
068067,PESR,1908
068078,CAMP,37236
068078,CUCH,352
068078,INDP,7570
068078,INDU,1057
068078,INST,306
068078,OPTI,8776
068078,PESC,14818
068078,PESP,31405
068078,PESR,3731
068078,TIRO,14391
068098,CAMP,6400
068130,CAMP,18524
068131,CAMP,4268
068131,INDU,356
068131,OPTI,1903
068131,PESC,9918
068131,PESP,1152
068131,PESR,8625
068136,PESP,8054
068157,PESP,9312
068183,OPTI,4200
068183,PESC,1776
068183,PESR,812
068186,PESC,5082
068186,PESP,0
068188,CAMP,7440
068188,INST,640
068200,OPTI,45360
068209,CAMP,327503
068209,CUCH,10140
068209,INDP,36984
068209,INDU,61310
068209,OPTI,7452
068209,PESC,286250
068209,PESP,427134
068209,PESR,221594
068209,TIRO,7410
068230,CAMP,8991
068230,OPTI,12309
068230,PESC,1188
068244,CAMP,3370
068246,PESP,12354
068250,CAMP,1721
068250,OPTI,5940
068252,CAMP,3402
068252,OPTI,20503
068260,PESP,6996
068265,CAMP,6290
068265,OPTI,2880
068265,PESC,21122
068265,PESP,22185
068265,PESR,1556
068265,TIRO,6032
068284,PESP,5743
068308,CAMP,2581
068308,PESC,7142
068308,PESP,1020
068308,PESR,4240
068314,PESP,7070
068340,PESP,6552
068347,CAMP,500
068347,INDP,4800
068347,INDU,207
068347,OPTI,72646
068349,CAMP,176072
068349,OPTI,35236
068349,PESC,1836
068349,PESR,1890
068353,CAMP,9522
068353,INDU,59608
068365,CAMP,63025
068365,INDP,2880
068365,INDU,10650
068365,OPTI,20422
068365,TIRO,783
068413,OPTI,990
068431,CAMP,881068
068431,INDU,78050
068431,OPTI,7718
068431,TIRO,2114
068436,CAMP,3450
068436,INDP,4608
068436,PESP,857
068436,PESR,2060
068457,OPTI,1764
068479,CAMP,2594
068479,OPTI,59768
068479,PESC,1302
068494,CAMP,11660
068494,PESC,12580
068494,PESP,5988
068494,PESR,9515
068500,INDP,7903
068500,PESC,4374
068500,PESP,9569
068500,PESR,3368
068524,CAMP,13818
068539,OPTI,77338
068556,CAMP,1812
068556,OPTI,35981
068558,CAMP,0
068558,PESP,834
068560,OPTI,6884
068560,PESC,1860
068560,PESP,8907
068561,CAMP,372136
068561,INDP,312653
068561,INDU,6900
068561,INST,3012
068561,OPTI,1398
068561,PESC,75822
068561,PESP,219378
068561,PESR,19197
068573,INDP,2188
068573,PESC,7815
068573,PESP,9582
068573,PESR,7240
068595,CAMP,17088
068601,CAMP,358956
068601,INDP,30043
068601,INDU,39395
068601,OPTI,38991
068601,PESC,68007
068601,PESP,102384
068601,PESR,51422
068601,TIRO,680
068602,CAMP,132599
068602,CUCH,1137
068602,INDP,24503
068602,INDU,19812
068602,INST,624
068602,OPTI,11638
068602,PESC,60754
068602,PESP,52990
068602,PESR,35181
068602,TIRO,16986
068606,CAMP,2221
068606,INST,816
068606,OPTI,49146
068619,CAMP,119967
068619,INDP,3528
068619,INDU,12942
068619,OPTI,7074
068619,PESP,12042
068619,TIRO,7526
068626,CAMP,655748
068626,INDP,89610
068626,INDU,113676
068626,OPTI,5538
068626,PESC,20626
068626,PESP,4874
068626,PESR,11279
068626,TIRO,15728
068635,INDP,3226
068635,PESP,3658
068637,OPTI,22852
068657,CAMP,42154
068657,INDU,279
068657,INST,1940
068657,OPTI,222446
068672,CAMP,8952
068685,OPTI,14662
068715,CAMP,74694
068715,INDP,19326
068715,OPTI,5082
068715,PESC,59806
068715,PESP,52897
068715,PESR,28136
068727,CAMP,891974
068727,INDP,26252
068727,INDU,74535
068727,OPTI,53493
068727,TIRO,24269
068744,CAMP,384
068744,INST,710
068744,OPTI,25609
068744,PESC,1441
068750,OPTI,19446
068750,PESP,3594
068769,CAMP,1503
068769,OPTI,203238
068778,CAMP,1388
068778,INDP,2142
068778,PESC,800
068778,PESP,28761
068778,PESR,7203
068780,INDU,2080
068780,PESP,16592
068789,CAMP,27502
068789,INST,626
068789,OPTI,66739
068789,TIRO,128
068802,CAMP,6259
068802,CUCH,1922
068802,INST,348
068802,OPTI,8270
068802,PESC,1136
068802,PESP,11357
068802,PESR,796
068813,CAMP,90865
068828,CAMP,21461
068828,INDP,20260
068828,INDU,950
068828,PESC,2590
068828,PESP,105962
068828,PESR,7093
068829,CAMP,4228
068829,CUCH,533
068829,INDP,3028
068829,OPTI,957
068829,PESC,8291
068829,PESP,7104
068829,PESR,10348
068871,CAMP,30099
068871,INDU,7610
068871,PESC,14142
068871,PESP,28001
068871,PESR,11781
068871,TIRO,1824
068894,CAMP,10843
068894,INDU,667
068894,PESP,242
068896,CAMP,112161
068896,CUCH,2292
068907,CAMP,215714
068907,INDP,4800
068907,INDU,41576
068907,PESP,278
068975,CAMP,187817
068975,CUCH,1320
068975,INDP,20194
068975,INDU,6087
068975,OPTI,5514
068975,TIRO,3100
068992,CAMP,1600
068992,INST,1940
068992,OPTI,774
069009,INDP,5240
069009,PESP,12417
069032,CAMP,28359
069032,CUCH,300
069032,INDP,4932
069032,OPTI,646
069032,PESP,25212
069032,PESR,642
069032,TIRO,4960
069058,INDP,7501
069058,INDU,1561
069058,PESC,4700
069058,PESP,678
069080,CAMP,832452
069080,INDU,6012
069080,OPTI,199537
069080,PESP,59270
069080,TIRO,75828
069089,OPTI,175447
069097,CAMP,194748
069097,CUCH,1800
069097,INDP,32062
069097,INDU,47212
069097,PESP,49147
069097,TIRO,4524
069100,PESP,5860
069125,CAMP,230640
069125,PESP,84450
069135,CAMP,39019
069135,INDU,1849
069135,INST,960
069135,OPTI,96723
069142,INST,912
069142,OPTI,42319
069145,CAMP,9004
069145,CUCH,3463
069145,INST,7052
069145,OPTI,239759
069145,TIRO,666
069147,OPTI,51870
069148,CAMP,1754
069148,INST,747
069148,OPTI,49798
069170,INST,2547
069170,OPTI,6084
069192,CAMP,1168
069192,INST,1614
069192,OPTI,10597
069200,INDP,48000
069220,PESC,27957
069220,PESP,34912
069220,PESR,14940
069252,CAMP,28704
069252,INDU,18160
069252,PESC,5208
069252,PESR,1800
069259,CAMP,185166
069259,CUCH,336
069259,INDU,33748
069259,OPTI,16874
069273,CAMP,99372
069273,CUCH,6188
069273,INDP,91560
069273,OPTI,282
069273,TIRO,5760
069277,CAMP,116712
069277,INDU,24598
069277,PESC,5883
069277,PESP,274591
069277,PESR,49485
069297,CAMP,21108
069297,INDP,3340
069297,INDU,1424
069297,PESC,16638
069297,PESP,19385
069297,PESR,15762
069310,CAMP,54852
069310,CUCH,2282
069310,INDP,4551
069310,INDU,12475
069310,OPTI,17742
069310,PESC,6337
069310,PESP,6228
069310,PESR,10357
069310,TIRO,33655
069337,CAMP,19022
069337,CUCH,372
069337,INDP,3725
069337,INDU,5965
069337,INST,272
069337,OPTI,25377
069337,PESC,67359
069337,PESP,44125
069337,PESR,34047
069347,INDU,4656
069347,INST,2346
069347,OPTI,94860
069347,TIRO,2304
069392,CAMP,26880
069392,INDP,15056
069392,OPTI,6150
069392,PESC,28056
069392,PESP,110609
069392,PESR,19994
069392,TIRO,31600
069413,CAMP,1839
069413,CUCH,4577
069413,OPTI,2902
069438,CAMP,2997
069438,CUCH,380
069438,INDU,249
069438,OPTI,6220
069438,TIRO,1315
069476,CAMP,3091
069476,INST,739
069476,OPTI,43911
069506,CAMP,74592
069506,OPTI,41610
069506,TIRO,7740
069527,CAMP,69852
069527,INDP,49344
069527,PESP,11220
069555,CAMP,101488
069555,CUCH,1219
069555,INDP,2218
069555,INDU,2373
069555,INST,340
069555,OPTI,5804
069555,PESC,29103
069555,PESP,101608
069555,PESR,45954
069555,TIRO,9182
069560,CAMP,4224
069580,OPTI,124826
069593,CAMP,42313
069593,INDU,8822
069593,INST,2916
069593,OPTI,9561
069593,PESP,296
069593,TIRO,1648
069600,CAMP,536735
069600,INDP,50544
069600,INDU,16806
069600,OPTI,12190
069600,PESC,20526
069600,PESP,35534
069600,PESR,11586
069600,TIRO,40300
069607,CAMP,30616
069607,INDU,9790
069607,PESP,34786
069607,TIRO,1332
069618,CAMP,15287
069618,CUCH,300
069618,INDP,2142
069618,INDU,2217
069618,PESC,11871
069618,PESP,37934
069618,PESR,10094
069664,CUCH,277
069664,PESC,2760
069664,PESP,3140
069664,PESR,6174
069672,CAMP,604
069672,PESC,5432
069672,PESP,4269
069672,TIRO,412
069675,CAMP,27648
069675,PESC,2996
069675,PESP,52926
069675,TIRO,15228
069713,CAMP,531946
069713,INDP,8172
069713,INDU,23944
069713,OPTI,4134
069713,PESC,7505
069713,PESP,13353
069713,PESR,4298
069713,TIRO,3206
069721,CAMP,5649
069721,OPTI,916
069721,PESC,48479
069721,PESP,38711
069721,PESR,24905
069721,TIRO,2304
069732,CAMP,67625
069732,INDU,5260
069732,PESP,2557
069743,PESC,8030
069743,PESP,120206
069743,PESR,8100
069750,CAMP,220394
069750,INDP,10896
069750,INDU,4637
069750,OPTI,7256
069750,PESC,7290
069750,PESP,11281
069750,PESR,4239
069750,TIRO,16888
069799,CAMP,168411
069799,INDP,48708
069799,OPTI,2162
069799,PESP,14800
069799,TIRO,12048
069800,CAMP,11649
069800,CUCH,1168
069800,INDP,39022
069800,INDU,11061
069800,INST,64
069800,PESC,2706
069800,PESP,45830
069800,PESR,9035
069810,CAMP,656
069810,INDU,4488
069824,CAMP,63654
069824,OPTI,2106
069824,PESC,16233
069824,PESP,27804
069824,PESR,11307
069824,TIRO,3996
069829,CAMP,5448
069829,INDU,2004
069829,PESC,9441
069829,PESP,1723
069829,PESR,13419
069829,TIRO,261
069835,CAMP,14202
069835,INDP,38824
069835,PESP,24996
069868,CAMP,272104
069868,INDP,2802
069868,INDU,4512
069868,PESC,13097
069868,PESP,20551
069868,PESR,22334
069871,CAMP,263978
069871,INDP,5282
069871,INDU,14038
069871,PESC,3909
069871,PESP,1224
069871,TIRO,6660
069876,CAMP,474700
069876,INDP,3109
069876,INDU,51643
069876,PESP,38166
069876,TIRO,10630
069882,CAMP,53185
069882,INDP,17626
069882,OPTI,8435
069882,PESC,35837
069882,PESP,22030
069882,TIRO,5600
069908,CAMP,11046
069966,CAMP,14070
069966,INDP,5938
069966,OPTI,1764
069966,PESC,19812
069966,PESP,15188
069966,PESR,17593
069989,CAMP,28702
069989,CUCH,498
069989,INDU,1642
069989,PESC,8908
069989,PESP,3744
070036,CAMP,1083557
070036,CUCH,9232
070036,INDP,162772
070036,INDU,46206
070036,INST,9811
070036,OPTI,53010
070036,PESC,316864
070036,PESP,388548
070036,PESR,418962
070036,TIRO,32808
070064,CAMP,51997
070064,OPTI,24754
070088,CAMP,100182
070088,INDP,16556
070088,OPTI,5175
070088,PESC,7823
070088,PESP,13625
070088,PESR,8659
070088,TIRO,1358
070092,PESC,1220
070092,PESR,1176
070161,CAMP,3640
070161,INDU,6105
070161,OPTI,192
070161,PESP,3889
070161,PESR,6290
070176,CAMP,149443
070176,INDP,8872
070176,INDU,11808
070176,OPTI,1464
070176,PESC,20990
070176,PESP,46704
070176,PESR,69516
070178,PESP,7582
070192,CAMP,281681
070192,CUCH,1116
070192,INDP,4476
070192,INDU,31848
070192,OPTI,33520
070192,PESC,53240
070192,PESP,129017
070192,PESR,47611
070192,TIRO,39597
070202,CAMP,25815
070278,OPTI,13676
070279,CAMP,123912
070279,CUCH,5115
070279,INDP,15696
070279,INDU,7396
070279,OPTI,1825
070279,PESP,6104
070279,PESR,2076
070279,TIRO,13406
070283,CAMP,85485
070283,INDP,18123
070283,INDU,25040
070283,OPTI,16839
070283,PESC,107350
070283,PESP,181349
070283,PESR,119275
070283,TIRO,6708
070294,CAMP,139257
070294,PESC,3537
070294,PESP,51089
070294,PESR,10922
070294,TIRO,7553
070312,CAMP,831233
070312,CUCH,9404
070312,INDP,75464
070312,INDU,11640
070312,OPTI,53298
070312,PESC,39115
070312,PESP,203277
070312,PESR,133983
070312,TIRO,5760
070344,CAMP,169442
070344,CUCH,1503
070344,INDP,12112
070344,INDU,6664
070344,INST,789
070344,OPTI,13059
070344,PESR,1684
070344,TIRO,8126
070348,CAMP,85012
070348,INDU,2136
070348,OPTI,10153
070348,PESC,44311
070348,PESP,3778
070348,PESR,21612
070359,CAMP,277044
070359,INDP,55248
070359,INDU,30082
070359,OPTI,55253
070359,PESC,418366
070359,PESP,904105
070359,PESR,333285
070359,TIRO,29190
070361,CAMP,481947
070361,CUCH,7036
070361,INDP,38616
070361,INDU,20604
070361,INST,678
070361,OPTI,15506
070361,PESC,41786
070361,PESP,69401
070361,PESR,35382
070361,TIRO,2230
070372,CAMP,7018
070372,INDU,3295
070372,OPTI,95046
070372,TIRO,2114
070379,CAMP,833522
070379,CUCH,763
070379,INDP,235374
070379,INDU,6036
070379,INST,4237
070379,OPTI,16880
070379,PESC,351217
070379,PESP,882591
070379,PESR,310486
070379,TIRO,1490
070408,CAMP,259987
070408,CUCH,5252
070408,INDP,25252
070408,INDU,31467
070408,INST,1301
070408,OPTI,23777
070408,PESC,38900
070408,PESP,222017
070408,PESR,81254
070408,TIRO,1672
070427,CAMP,4628
070427,INDP,287
070427,INDU,569
070427,PESC,743
070427,PESP,17093
070427,TIRO,129
070442,CAMP,97102
070442,INDP,3070
070442,PESP,1770
070442,TIRO,9750
070448,CAMP,9709
070448,INDU,3336
070448,PESC,2073
070448,PESP,15614
070448,PESR,6578
070448,TIRO,1110
070471,CAMP,15516
070471,INDP,3678
070471,PESP,10027
070476,CAMP,6893
070476,PESP,48558
070476,PESR,7900
070476,TIRO,13219
070483,CAMP,574673
070483,INDU,31763
070483,OPTI,9453
070483,TIRO,6060
070494,CAMP,20393
070494,INDP,1697
070494,INDU,11353
070494,PESC,16607
070494,PESP,37132
070494,PESR,6255
070494,TIRO,7132
070495,CAMP,4372
070495,INDP,287
070495,OPTI,6732
070495,PESP,1300
070530,CAMP,2339790
070530,CUCH,600
070530,INDP,150101
070530,INDU,68226
070530,INST,934
070530,OPTI,23840
070530,PESC,510759
070530,PESP,320371
070530,PESR,306980
070530,TIRO,51934
070545,CAMP,372844
070545,CUCH,13500
070545,INDP,51777
070545,INDU,23288
070545,OPTI,8807
070545,PESC,302541
070545,PESP,548530
070545,PESR,318178
070545,TIRO,32901
070556,CAMP,905165
070556,CUCH,24475
070556,INDP,175701
070556,INDU,55450
070556,OPTI,90867
070556,PESC,245003
070556,PESP,229049
070556,PESR,262539
070556,TIRO,8881
070561,PESP,3288
070579,CAMP,392995
070579,CUCH,1128
070579,INDP,12258
070579,INDU,12194
070579,OPTI,90270
070579,PESC,51919
070579,PESP,54112
070579,PESR,26318
070579,TIRO,6792
070590,CAMP,155065
070590,CUCH,1404
070590,INDP,40762
070590,INDU,10526
070590,OPTI,240
070590,PESC,317054
070590,PESP,4400
070590,PESR,84754
070590,TIRO,44668
070593,CAMP,16100
070593,INDP,1148
070593,INDU,1548
070593,OPTI,7669
070593,PESC,13240
070593,PESP,20966
070593,PESR,16782
070593,TIRO,522
070603,CAMP,73446
070603,INDU,11226
070603,OPTI,2554
070603,PESC,685
070603,PESP,9456
070603,PESR,3132
070604,CAMP,314375
070604,INDP,9084
070604,PESC,29778
070604,PESP,39689
070604,PESR,24581
070604,TIRO,26374
070616,CAMP,104893
070616,INDP,19173
070616,OPTI,3125
070626,CAMP,45279
070626,INDP,8996
070626,INDU,2600
070626,OPTI,6542
070626,PESC,11974
070626,PESP,9544
070626,PESR,19019
070674,INDP,1098
070674,INDU,17800
070674,OPTI,954
070674,PESC,8489
070674,PESP,10935
070674,PESR,12063
070676,CAMP,452013
070676,INDP,4608
070676,INDU,22764
070676,INST,408
070676,OPTI,20331
070676,PESC,69733
070676,PESP,43505
070676,PESR,26630
070676,TIRO,522
070698,CAMP,27228
070698,INDP,5717
070698,INST,204
070698,OPTI,1410
070698,PESC,5935
070698,PESP,18438
070698,PESR,9783
070754,OPTI,40800
070755,PESC,9150
070755,PESP,7482
070767,CAMP,3831
070767,INDU,2796
070767,PESP,11537
070767,TIRO,3930
070768,CAMP,15555
070768,PESC,7929
070768,PESP,3516
070768,PESR,10416
070780,CAMP,16020
070780,INDP,22595
070780,INDU,5905
070780,PESC,36345
070780,PESP,53970
070780,PESR,16124
070780,TIRO,444
070819,CAMP,112771
070819,CUCH,300
070819,INDP,15987
070819,INDU,792
070819,PESP,41450
070819,PESR,13867
070821,CAMP,122553
070821,INDU,2191
070821,PESC,27926
070821,PESP,26035
070821,PESR,17205
070830,CAMP,170544
070830,INDP,4218
070830,INDU,11688
070830,PESC,36536
070830,PESP,31340
070830,PESR,13564
070830,TIRO,766
070833,CAMP,105173
070833,INDP,35717
070833,INDU,21549
070833,OPTI,13613
070833,PESC,63767
070833,PESP,50781
070833,PESR,35742
070838,CAMP,219865
070838,INDU,4422
070838,OPTI,4435
070838,PESC,27987
070838,PESP,36279
070838,PESR,24140
070839,CAMP,167856
070839,CUCH,706
070839,INDP,1390
070839,INDU,14060
070839,PESC,33446
070839,PESP,10188
070839,PESR,17050
070861,OPTI,3192
070863,CAMP,4045
070863,OPTI,7533
070874,OPTI,19053
070899,CAMP,32044
070899,INDP,14010
070899,INDU,3168
070899,PESC,216519
070899,PESP,170856
070899,PESR,277234
070899,TIRO,2664
070901,OPTI,2464
070901,PESC,3664
070901,PESP,4027
070901,PESR,6676
070906,CAMP,47784
070906,CUCH,2615
070906,INDP,4641
070906,INDU,2745
070906,INST,1528
070906,PESC,9815
070906,PESP,18189
070906,PESR,10832
070908,CAMP,118496
070908,CUCH,1452
070908,INDP,576
070908,INDU,8340
070908,INST,770
070908,OPTI,17097
070908,PESC,27733
070908,PESP,6721
070908,PESR,24428
070908,TIRO,29722
070920,CAMP,52540
070920,OPTI,3292
070920,PESC,9349
070920,PESP,1717
070920,PESR,8549
070921,CAMP,2718
070921,OPTI,16499
070929,OPTI,12159
070941,CAMP,143094
070941,INDP,218500
070941,INDU,3760
070941,OPTI,69072
070941,PESC,84076
070941,PESP,203106
070941,PESR,25170
070941,TIRO,7992
070955,CAMP,290708
070955,CUCH,4186
070955,INDP,18425
070955,INDU,11301
070955,INST,701
070955,OPTI,24463
070955,PESC,151360
070955,PESP,145729
070955,PESR,151465
070955,TIRO,5597
070965,CAMP,2569694
070965,INDP,117134
070965,INDU,281003
070965,OPTI,35685
070965,PESC,26889
070965,PESP,612991
070965,PESR,273704
070965,TIRO,73979
070968,CAMP,5020
070968,OPTI,5944
070968,PESC,3998
070968,PESP,8001
070968,PESR,9732
070974,CAMP,8020
070974,OPTI,42010
070996,CAMP,8379
070996,CUCH,407
070996,OPTI,5044
070996,PESC,4039
070996,PESP,100251
070996,PESR,1578
070996,TIRO,9936
071003,CAMP,1950
071003,CUCH,2440
071003,INDU,1695
071003,PESC,59250
071003,PESR,4125
071006,CAMP,644389
071006,CUCH,5316
071006,INDP,99045
071006,INDU,93759
071006,INST,2987
071006,OPTI,49239
071006,PESC,126905
071006,PESP,1049580
071006,PESR,201815
071006,TIRO,40607
071014,CAMP,9517
071014,OPTI,3499
071014,PESP,10697
071018,PESC,22796
071018,PESP,97958
071018,PESR,35864
071020,CAMP,204357
071020,CUCH,8827
071020,INDU,14244
071020,OPTI,18325
071020,PESP,8244
071020,PESR,31204
071020,TIRO,16780
071023,CAMP,277993
071023,PESP,79124
071025,CAMP,214701
071025,CUCH,2736
071025,INDU,7176
071025,OPTI,891
071025,TIRO,2151
071033,CAMP,376656
071033,CUCH,996
071033,OPTI,1318
071033,PESC,131203
071033,PESP,25494
071033,PESR,211508
071033,TIRO,2664
071049,CAMP,269013
071049,INDP,10464
071049,INDU,23216
071049,INST,680
071049,OPTI,2010
071049,PESC,41838
071049,PESP,34257
071049,PESR,95679
071049,TIRO,1776
071099,CAMP,147462
071099,CUCH,300
071099,INDP,2802
071099,INDU,6996
071099,OPTI,1596
071099,PESR,1080
071106,CAMP,13307
071106,INDP,4800
071106,INDU,7820
071106,OPTI,10489
071106,PESP,56472
071106,PESR,9651
071106,TIRO,6924
071118,CAMP,150947
071118,INDP,55354
071118,INDU,38638
071118,PESC,42994
071118,PESP,61548
071118,PESR,52415
071118,TIRO,25202
071134,CAMP,105937
071134,INDP,10518
071134,INDU,2862
071134,OPTI,504
071134,PESC,26744
071134,PESP,25381
071134,PESR,2243
071134,TIRO,3171
071136,CAMP,4308
071137,CAMP,356
071137,PESC,1554
071137,PESP,7723
071137,PESR,1029
071150,CAMP,1812
071150,INDP,6700
071150,OPTI,5408
071150,PESC,3016
071150,PESP,12481
071150,PESR,4041
071150,TIRO,7000
071154,CAMP,164
071164,CAMP,840
071164,OPTI,46846
071167,CAMP,356392
071167,OPTI,130223
071167,PESC,40744
071167,PESP,37311
071167,PESR,16284
071167,TIRO,4968
071186,PESC,44660
071186,PESP,6776
071186,PESR,25950
071193,CAMP,2552
071193,INDP,4701
071193,INDU,1185
071193,PESC,31597
071193,PESP,10044
071193,PESR,21795
071193,TIRO,364
071199,CAMP,19058
071199,INDP,1474
071199,INDU,4551
071199,INST,150
071199,OPTI,6076
071199,PESC,4868
071199,PESP,12871
071199,PESR,3719
071199,TIRO,348
071200,CAMP,14268
071200,OPTI,4448
071201,CAMP,39906
071201,CUCH,2968
071201,INST,520
071201,OPTI,70402
071201,TIRO,6660
071206,CAMP,52771
071206,INDP,3758
071206,INDU,32131
071206,OPTI,3538
071206,PESC,10817
071206,PESP,29816
071206,PESR,2140
071206,TIRO,592
071210,PESC,8368
071210,PESP,1296
071210,PESR,7730
071212,PESC,12824
071212,PESR,9366
071213,CAMP,543468
071214,INDP,6155
071214,INDU,3319
071214,PESP,1889
071221,PESC,622
071221,PESP,958
071222,CAMP,10361
071222,INST,510
071222,OPTI,60587
071226,INDP,74485
071226,PESC,10537
071226,PESP,9042
071228,CAMP,30449
071228,INDU,10707
071235,CAMP,8139
071235,OPTI,9396
071236,CAMP,780
071236,OPTI,39768
071237,CAMP,0
071237,PESC,5887
071237,PESR,8261
071238,CAMP,27672
071238,INDU,7418
071238,OPTI,3285
071238,TIRO,3803
071241,CUCH,339
071241,PESC,18173
071241,PESP,1429
071241,PESR,10384
071242,PESC,10273
071242,PESR,6164
071247,CAMP,9357
071257,OPTI,61349
071258,CAMP,20874
071258,INDP,3608
071258,OPTI,14352
071258,PESC,5737
071258,PESP,5470
071258,PESR,6352
071258,TIRO,3046
071261,CAMP,113228
071261,INDP,1613
071261,PESC,47662
071261,PESR,44560
071270,CAMP,23914
071270,CUCH,504
071270,INDP,19208
071270,INDU,3981
071270,PESP,26966
071270,PESR,6724
071270,TIRO,1991
071272,CAMP,17928
071272,INDU,5672
071272,PESC,3408
071272,PESP,13910
071272,PESR,3432
071279,CAMP,118381
071279,INDP,11676
071279,INDU,6594
071279,PESC,10611
071279,PESP,23550
071279,PESR,4500
071282,CAMP,173068
071282,INDU,28284
071286,CAMP,28932
071290,CAMP,39448
071290,CUCH,2922
071290,INDP,16136
071290,INDU,2442
071290,OPTI,3382
071290,PESP,47153
071291,CAMP,157243
071291,CUCH,1060
071291,OPTI,335816
071291,TIRO,1760
071292,CAMP,36249
071296,OPTI,21432
071297,INDP,8080
071297,PESP,17170
071301,CAMP,10667
071301,INST,104
071301,PESC,560
071301,PESP,9148
071301,PESR,906
071303,CAMP,15006
071304,CAMP,629
071304,INDU,752
071304,PESC,1092
071304,PESP,431
071304,PESR,3714
071307,CAMP,7495
071307,CUCH,1344
071307,PESP,10750
071307,TIRO,176
071308,PESC,8772
071308,PESP,26794
071308,PESR,11967
071316,INDP,8980
071316,INDU,3496
071316,PESC,4542
071316,PESP,15700
071316,PESR,416
071316,TIRO,384
071321,CAMP,2890
071321,PESP,19640
071321,PESR,2816
071322,CAMP,24165
071322,INDP,1098
071322,PESC,22530
071322,PESP,16121
071322,PESR,3378
071323,CAMP,10969
071323,PESP,1215
071325,CAMP,90576
071325,INDP,4800
071325,INDU,9536
071325,OPTI,240
071325,PESP,7542
071328,PESP,4210
071329,CAMP,44
071329,PESC,1110
071329,PESP,3885
071331,CAMP,754508
071331,CUCH,416
071331,INDP,5442
071331,INDU,29158
071331,INST,3880
071331,OPTI,10515
071331,PESC,319
071331,PESR,329
071331,TIRO,1947
071333,CAMP,2254
071333,OPTI,6999
071338,CAMP,3624
071338,INDU,792
071338,TIRO,4650
071344,CAMP,3277
071350,OPTI,2684
071351,INDU,2977
071353,CAMP,2450
071353,INST,934
071353,PESC,5162
071353,PESP,2306
071353,PESR,6435
071355,CAMP,9550
071355,INST,2530
071355,OPTI,62944
071355,PESR,385
071369,CAMP,5135
071369,INDP,16453
071369,PESC,1932
071369,PESP,4604
071372,CAMP,2646
071372,INDP,784
071372,INDU,804
071372,OPTI,732
071372,PESP,3768
071372,TIRO,435
071373,CAMP,84653
071373,INDU,3339
071373,OPTI,966
071374,OPTI,12840
071376,CAMP,1300
071378,CAMP,106270
071378,INDU,53676
071383,CAMP,14648
071383,PESC,2788
071383,PESP,6134
071383,PESR,15370
071389,CAMP,65463
071389,INDP,7314
071389,INDU,32513
071389,OPTI,11784
071389,PESC,17549
071389,PESP,11284
071389,PESR,9741
071390,CAMP,39872
071390,INDU,16162
071390,PESC,39111
071395,CAMP,3442
071395,CUCH,220
071395,INDU,20017
071395,PESP,7026
071398,PESC,18189
071398,PESP,9787
071398,PESR,8256
071401,CAMP,8232
071401,INDU,1670
071401,PESC,53444
071401,PESP,33912
071401,PESR,73010
071402,CAMP,85754
071402,INDU,1035
071402,PESP,0
071402,TIRO,336
071406,CAMP,8307
071406,INDU,4176
071409,CAMP,920
071409,OPTI,43224
071410,CAMP,165759
071410,INDP,28646
071410,OPTI,10452
071410,PESP,24375
071410,TIRO,3148
071412,CAMP,8016
071414,INDU,1962
071416,PESC,25625
071416,PESP,4422
071416,PESR,17606
071417,CAMP,109405
071417,INDP,2646
071417,OPTI,7959
071417,PESC,30415
071417,PESP,10359
071417,PESR,28413
071420,CAMP,8535
071420,INDU,3471
071420,PESC,6104
071420,PESP,10435
071420,PESR,6180
071424,CAMP,1391
071424,OPTI,8270
071424,TIRO,2966
071425,CAMP,20468
071425,INDP,5096
071425,INDU,8266
071425,OPTI,18205
071425,PESC,1543
071425,PESP,37992
071425,PESR,3753
071425,TIRO,10466
071426,CAMP,1730
071426,OPTI,1232
071426,TIRO,2396
071428,CAMP,150
071428,OPTI,36985
071430,CAMP,24479
071430,CUCH,478
071430,INST,94
071430,OPTI,669
071430,PESP,1698
071430,PESR,903
071430,TIRO,2484
071431,CAMP,988
071431,OPTI,5608
071432,CAMP,73936
071432,INDP,17504
071432,INDU,1670
071432,OPTI,45890
071432,PESC,5609
071432,PESP,6467
071432,PESR,5400
071432,TIRO,2194
071434,CAMP,2233446
071434,INDP,203068
071434,INDU,136360
071434,INST,17750
071434,OPTI,36186
071434,PESC,479007
071434,PESP,329946
071434,PESR,573112
071434,TIRO,9615
071436,CAMP,60189
071436,INDP,4800
071436,INDU,1409
071436,OPTI,552
071436,PESP,3444
071439,CAMP,6084
071441,OPTI,135075
071442,CAMP,513
071442,OPTI,19529
071444,INDP,5913
071444,PESP,7616
071444,TIRO,1836
071450,OPTI,8965
071454,CAMP,1965
071454,INDP,4376
071458,INST,52
071458,OPTI,108305
071461,CAMP,408
071461,INST,627
071461,OPTI,22007
071466,OPTI,5944
071468,CAMP,68682
071468,INDP,4940
071473,CAMP,5176
071473,PESC,4199
071473,PESP,1588
071473,PESR,1814
071473,TIRO,174
071476,CAMP,52910
071476,INDP,960
071476,OPTI,9537
071476,PESC,4142
071476,PESP,7880
071476,PESR,2548
071478,OPTI,638
071483,CAMP,493704
071483,INDU,3684
071483,TIRO,3554
071490,CAMP,28042
071490,CUCH,516
071490,INDU,16488
071490,OPTI,6632
071490,PESC,2172
071490,PESP,477
071490,PESR,1296
071491,CAMP,97660
071491,CUCH,600
071494,CAMP,750
071497,OPTI,8692
071502,CAMP,1930
071502,CUCH,714
071502,PESC,6773
071502,PESP,8671
071502,PESR,3779
071503,CAMP,10037
071503,INDU,9733
071504,CAMP,17353
071504,INDU,7868
071504,OPTI,6953
071504,PESC,1208
071504,PESP,31870
071504,TIRO,5408
071510,CAMP,157108
071510,INDP,50499
071510,INDU,2351
071510,OPTI,6165
071510,PESC,5297
071510,PESP,38722
071510,TIRO,2220
071517,CAMP,11653
071517,INDU,7962
071518,CAMP,14861
071518,CUCH,1144
071518,INDP,1722
071518,INDU,3840
071518,OPTI,7152
071518,PESP,8026
071520,CAMP,48697
071520,CUCH,600
071520,INDP,7800
071520,OPTI,4048
071520,PESC,33910
071520,PESP,12145
071520,PESR,15856
071522,CAMP,2858
071522,OPTI,56762
071524,CAMP,6896
071524,INDU,855
071524,PESC,12818
071524,PESP,17079
071524,PESR,17692
071525,CAMP,2625
071525,INST,214
071525,OPTI,10969
071527,CAMP,7124
071527,OPTI,50851
071534,CAMP,7858
071534,INDU,1521
071534,PESC,10031
071534,PESP,7076
071534,PESR,9202
071538,CAMP,68509
071538,CUCH,2754
071538,INDU,6969
071538,INST,610
071538,OPTI,33096
071538,PESC,1208
071538,PESP,16772
071538,PESR,5121
071538,TIRO,17425
071543,CAMP,755
071543,PESC,5342
071543,PESP,11855
071543,PESR,9459
071543,TIRO,768
071545,CAMP,634
071545,OPTI,9398
071553,CAMP,40411
071553,INDP,40986
071553,PESC,4462
071553,PESP,51967
071553,PESR,7107
071554,CAMP,3600
071558,PESP,20928
071558,PESR,2878
071560,CAMP,152793
071560,CUCH,1500
071560,INDU,7731
071560,OPTI,5729
071560,TIRO,435
071566,INDU,338
071566,PESC,3179
071566,PESP,13398
071566,PESR,2072
071567,CAMP,97792
071567,INDP,480
071567,INDU,26972
071567,OPTI,6740
071567,TIRO,2070
071570,CAMP,28231
071570,CUCH,710
071570,INDU,8088
071570,PESP,610
071570,TIRO,3763
071575,OPTI,24400
071579,CAMP,314
071579,PESC,6993
071579,PESP,553
071579,PESR,4209
071580,CAMP,1538
071580,OPTI,12876
071581,CAMP,9756
071581,CUCH,1348
071581,PESC,1432
071581,PESP,5852
071581,PESR,5150
071582,CAMP,4303
071582,CUCH,1348
071582,PESP,10350
071582,PESR,10227
071585,CAMP,75581
071585,CUCH,1828
071585,INDP,4704
071585,INST,2755
071585,PESP,38673
071585,TIRO,522
071586,CAMP,27292
071586,INDU,5192
071586,OPTI,4014
071588,CAMP,823
071588,INST,761
071588,OPTI,3697
071594,CAMP,678
071594,CUCH,4140
071594,PESC,5950
071594,PESP,24691
071594,PESR,22596
071596,CUCH,384
071596,PESC,18581
071596,PESP,6586
071596,PESR,9400
071598,CAMP,67853
071598,CUCH,4155
071598,INDP,24578
071598,INDU,8576
071598,INST,350
071598,OPTI,4312
071598,PESC,16428
071598,PESP,20030
071598,PESR,9133
071598,TIRO,6387
071599,CAMP,8978
071599,CUCH,1558
071599,INDP,1568
071599,INDU,1200
071599,INST,1723
071599,OPTI,348
071599,TIRO,2870
071602,CAMP,22480
071613,CAMP,11016
071613,INDP,41242
071613,INDU,5830
071613,OPTI,1268
071613,PESC,94976
071613,PESP,51007
071613,PESR,80980
071614,CAMP,19343
071614,INDP,52002
071614,PESC,26728
071614,PESP,13347
071615,CAMP,89273
071615,INDU,31594
071618,CAMP,384
071618,PESC,6576
071618,PESP,5676
071618,PESR,13490
071618,TIRO,629
071619,PESP,4602
071620,CAMP,15480
071620,CUCH,142
071631,CAMP,67457
071631,CUCH,432
071631,INDU,18294
071631,OPTI,2928
071631,PESC,22501
071631,PESP,13745
071631,PESR,20468
071631,TIRO,364
071633,CAMP,38441
071633,CUCH,795
071633,INDP,2304
071633,INDU,2694
071633,OPTI,10047
071633,PESC,13752
071633,PESP,4773
071633,PESR,5703
071633,TIRO,6551
071635,CAMP,90900
071641,CAMP,82847
071641,CUCH,498
071641,INDP,11196
071641,INDU,3653
071641,PESC,232011
071641,PESP,143303
071641,PESR,214611
071641,TIRO,4374
071644,INDU,18082
071647,PESP,974
071649,CAMP,437713
071649,INDP,7840
071649,INDU,14400
071649,TIRO,30834
071652,OPTI,4465
071654,PESC,5329
071654,PESP,4678
071654,PESR,11562
071655,CAMP,10587
071657,CAMP,10492
071657,INDU,44817
071662,CAMP,38869
071662,INDP,4485
071662,INDU,1044
071662,OPTI,27106
071662,PESC,58256
071662,PESP,34766
071662,PESR,57715
071662,TIRO,20570
071667,CAMP,1787
071667,INST,128
071667,OPTI,9441
071667,TIRO,3594
071668,CAMP,36249
071669,PESP,4477
071669,PESR,3290
071670,CAMP,21960
071670,CUCH,8817
071670,INDU,4476
071670,OPTI,2432
071670,PESC,640
071670,PESP,396
071670,PESR,2918
071671,OPTI,2040
071672,CAMP,960
071672,OPTI,17258
071673,CAMP,629
071673,CUCH,166
071673,PESC,2787
071673,PESP,5716
071673,PESR,12688
071674,CAMP,3950
071674,INDU,27597
071674,PESP,33188
071675,CAMP,7174
071675,INST,475
071675,OPTI,510
071675,PESP,5987
071685,INDP,8568
071686,CAMP,4940
071686,OPTI,4742
071687,CAMP,112416
071687,INDU,1456
071689,CAMP,2587
071689,INDP,1593
071689,PESC,5584
071689,PESP,1736
071689,PESR,3409
071690,CAMP,26502
071690,INDU,6548
071690,INST,935
071690,OPTI,876
071690,PESC,2970
071690,PESP,1644
071690,PESR,2574
071690,TIRO,444
071691,PESP,26590
071691,PESR,2970
071692,CAMP,966
071692,OPTI,7158
071693,CAMP,1052
071693,INDP,993
071693,PESC,7778
071693,PESP,27850
071694,CAMP,10432
071694,INDU,8538
071694,INST,510
071694,OPTI,3074
071695,CAMP,3150
071696,OPTI,5725
071697,CAMP,66591
071697,CUCH,891
071697,INDP,10354
071697,INST,2896
071697,OPTI,34314
071697,PESC,50525
071697,PESP,68720
071697,PESR,69151
071699,CAMP,38312
071699,INDU,18922
071699,OPTI,8388
071699,PESP,153028
071699,PESR,92636
071699,TIRO,6840
071700,INST,522
071700,OPTI,13074
071702,INDP,1401
071702,INDU,752
071702,OPTI,1057
071702,PESC,1188
071702,PESP,21518
071702,PESR,4067
071702,TIRO,1044
071703,CAMP,4814
071705,OPTI,5938
071707,CAMP,50796
071707,INDP,7452
071707,INDU,1556
071707,PESC,32034
071707,PESP,206988
071707,PESR,39192
071708,CAMP,60643
071708,CUCH,1476
071708,INDP,4312
071708,INDU,37499
071708,PESC,12319
071708,PESP,26211
071708,PESR,20134
071710,CAMP,140375
071710,INDP,2974
071710,INDU,2567
071710,OPTI,4455
071712,CAMP,896
071712,OPTI,14249
071712,PESC,5451
071712,PESR,2736
071713,CAMP,3600
071714,PESC,22564
071714,PESR,21735
071715,CAMP,8262
071715,PESP,10765
071715,PESR,3424
071715,TIRO,34
071716,INDP,15918
071717,CAMP,1196
071717,INST,250
071717,OPTI,12297
071718,CAMP,10324
071718,PESC,8124
071718,PESP,1666
071718,PESR,5292
071719,PESC,13217
071719,PESR,9590
071721,OPTI,15931
071722,PESC,6882
071723,CAMP,17678
071723,INDP,15416
071723,INDU,1456
071723,OPTI,4452
071723,PESC,4695
071723,PESP,70905
071723,PESR,2756
071724,PESC,7569
071724,PESR,3792
071725,CAMP,105700
071726,INST,112
071726,OPTI,11279
071726,TIRO,1332
071727,CAMP,22209
071727,CUCH,2755
071727,INDU,1168
071727,PESC,7970
071727,PESP,22145
071727,PESR,6056
071728,CAMP,659087
071728,INDP,150577
071728,INDU,16555
071728,OPTI,174283
071728,PESC,13100
071728,PESP,38332
071728,PESR,12701
071728,TIRO,39042
071729,OPTI,41834
071730,CAMP,7482
071730,INDP,940
071730,INDU,621
071730,PESC,2959
071730,PESP,13730
071730,PESR,8472
071731,CAMP,19662
071732,CAMP,193621
071732,INDU,19569
071732,OPTI,5472
071733,CAMP,252151
071733,CUCH,1026
071733,INDP,3360
071733,INDU,9984
071733,TIRO,1915
071734,CAMP,15251
071734,CUCH,728
071734,INDU,12500
071734,PESC,27906
071734,PESP,14064
071734,PESR,19743
071735,CAMP,21912
071736,CAMP,3562
071736,CUCH,2086
071736,OPTI,4707
071736,PESP,8583
071737,PESC,1076
071737,PESP,16115
071737,PESR,954
071738,CAMP,1120
071738,CUCH,284
071738,PESC,7177
071738,PESP,10346
071738,PESR,6191
071739,CAMP,79
071739,INDU,249
071739,INST,24482
071739,OPTI,3204
071740,OPTI,10497
071741,CAMP,15963
071741,INDU,4528
071741,INST,148
071741,PESP,960
071742,CAMP,14850
071742,CUCH,884
071742,OPTI,24890
071743,CAMP,420
071743,PESC,10182
071743,PESP,3971
071743,PESR,7979
071744,PESC,740
071744,PESP,27328
071744,PESR,642
071745,CAMP,9639
071745,CUCH,5857
071745,OPTI,3063
071745,PESP,656
071746,CUCH,436
071746,PESC,8178
071746,PESP,15267
071746,PESR,6240
071747,CAMP,11259
071747,CUCH,924
071747,INDU,1584
071747,OPTI,8445
071747,PESP,1040
071747,TIRO,4544
071748,OPTI,4775
071749,CAMP,17892
071750,PESC,21780
071750,PESR,19620
071751,CAMP,1721
071751,OPTI,16272
071751,PESC,594
071751,PESR,863
071752,CAMP,386506
071752,CUCH,6688
071752,INDP,48333
071752,INDU,2790
071752,OPTI,88847
071752,PESC,134885
071752,PESP,65019
071752,PESR,97848
071752,TIRO,16154
071753,CAMP,28528
071753,INDP,8922
071753,INDU,26868
071754,CAMP,2410
071754,OPTI,22194
071755,INDU,16640
071756,CAMP,1600
071757,CAMP,6079
071757,CUCH,339
071757,INDU,9120
071757,OPTI,5033
071758,CAMP,2578
071758,OPTI,7540
071759,CAMP,234275
071759,CUCH,168
071760,PESC,8000
071760,PESP,349
071760,PESR,12971
071761,OPTI,4939
071762,INDP,2848
071762,PESP,14642
071763,CAMP,43576
071763,OPTI,11716
071763,TIRO,9300
071764,PESC,3027
071765,OPTI,4816
071766,CAMP,3766
071766,OPTI,10212
071767,PESC,1932
071767,PESP,918
071767,PESR,2262
071768,OPTI,151520
071769,CAMP,53157
071770,CAMP,1610
071770,PESC,1625
071770,PESP,6683
071770,PESR,1038
071771,OPTI,166352
071772,PESC,34799
071772,PESR,22950
071773,CAMP,5190
071773,OPTI,604
071773,PESP,6456
071774,CAMP,4078
071774,PESC,4450
071774,PESP,4552
071774,PESR,2634
071775,CAMP,18340
071775,OPTI,13865
071775,TIRO,5069
071776,INDU,1136
071776,PESP,1281
071776,PESR,5868
071777,CAMP,147708
071779,OPTI,35761
071780,INDP,26171
071781,CAMP,38250
071782,CAMP,5661
071785,CAMP,10940
